date,SPY ,DIA ,IEF ,GLD 
3/31/1919,0.011160938,0.047635882,0.001583156,0
4/30/1919,0.057728379,0.045357351,0.004722202,0
5/31/1919,0,0.135874216,0,0
6/30/1919,0.060691128,0.014028462,0.010186617,0
7/31/1919,0.066290545,0.001682542,0.001576829,0
8/31/1919,0,-0.022489725,0,0
9/30/1919,-0.0510484,0.063675406,0.007152574,0
10/31/1919,0.080760624,0.067312864,0.005500022,0
11/30/1919,0,-0.127817021,0,0
12/31/1919,-0.054248998,0.033841129,-0.006775044,0
1/31/1920,0,-0.028163712,0,0
2/29/1920,0,-0.125036024,0,0
3/31/1920,0.002087686,0.127549951,-0.002260866,0
4/30/1920,-0.068212371,-0.090166366,-0.010322856,0
5/31/1920,-0.035034256,-0.018494762,-0.018414873,0
6/30/1920,-0.003793189,-0.011436664,0.007735395,0
7/31/1920,0,-0.042970474,0,0
8/31/1920,-0.007221371,-0.008058946,-0.000692416,0
9/30/1920,0.011487092,-0.037256264,0.023321189,0
10/31/1920,0,0.025678118,0,0
11/30/1920,-0.059304784,-0.106252931,0.025943118,0
12/31/1920,-0.052837449,-0.053787481,-0.010201574,0
1/31/1921,0.047378454,0.058095889,0.017698567,0
2/28/1921,-0.002662069,-0.015105738,0.000505506,0
3/31/1921,-0.01788152,0.010402783,0.005164038,0
4/30/1921,0,0.03709081,0,0
5/31/1921,0.014222361,-0.065292103,0.010330942,0
6/30/1921,-0.06832148,-0.067946617,0.002837309,0
7/31/1921,0,-0.001168745,0,0
8/31/1921,0.018532951,-0.018429123,0.012676617,0
9/30/1921,0.03293062,0.059156596,0.012100648,0
10/31/1921,0.028571434,0.029966234,0.026995069,0
11/30/1921,0.069724218,0.055866686,0.018902494,0
12/31/1921,0,0.045278141,0,0
1/31/1922,0.034822244,0.006188126,0.022594485,0
2/28/1922,0.035564064,0.0511685,-0.000251207,0
3/31/1922,0.037585211,0.042007962,0.010908001,0
4/30/1922,0,0.032341379,0,0
5/31/1922,0.12088576,0.040248012,0.019293237,0
6/30/1922,-0.037548338,-0.028233813,0.005154789,0
7/31/1922,0.017318435,0.044334443,0.011518592,0
8/31/1922,0.075703074,0.03843375,0.005053993,0
9/30/1922,0,-0.036316686,0,0
10/31/1922,0.017803779,-0.010399504,-0.007351918,0
11/30/1922,-0.044562843,-0.015190922,0.001202355,0
12/31/1922,0,0.03718964,0,0
1/31/1923,0.027996493,-0.007537948,0.008021941,0
2/28/1923,0.069401933,0.066406613,0.002811474,0
3/31/1923,0,-0.01087582,0,0
4/30/1923,-0.032056232,-0.04271673,0.002502742,0
5/31/1923,-0.036047306,-0.008639964,0.005245699,0
6/30/1923,0,-0.093612226,0,0
7/31/1923,-0.050393072,-0.016855207,0.009666454,0
8/31/1923,0.020914395,0.07536533,0.002817673,0
9/30/1923,0,-0.058741709,0,0
10/31/1923,-0.024062157,0.006365807,0.003291001,0
11/30/1923,0.061042913,0.043036259,0.006049863,0
12/31/1923,0.034237231,0.034437946,0.005244428,0
1/31/1924,0.034656659,0.05381068,0.007603804,0
2/29/1924,-0.016256491,-0.034174419,0.005192931,0
3/31/1924,-0.021939003,-0.043303846,0.003564882,0
4/30/1924,-0.003312903,-0.025588638,0.007631301,0
5/31/1924,0,-0.005296265,0,0
6/30/1924,0.052033132,0.068996117,0.027545405,0
7/31/1924,0.048946174,0.059873396,0.006570927,0
8/31/1924,0,0.019581011,0,0
9/30/1924,0.015725592,-0.009410448,0.008174433,0
10/31/1924,-0.00422577,0.008724326,0.007348927,0
11/30/1924,0,0.067653246,0,0
12/31/1924,0.135078801,0.084698467,-0.000952754,0
1/31/1925,0,0.024728227,0,0
2/28/1925,0,-0.010122249,0,0
3/31/1925,-0.026608075,-0.044911675,0.01004954,0
4/30/1925,0.035230569,0.027922935,0.00573574,0
5/31/1925,0,0.082826456,0,0
6/30/1925,0.065123295,0.008156958,0.018006075,0
7/31/1925,0.040180436,0.021372416,0.003152058,0
8/31/1925,0.007304681,0.055078087,-0.00170142,0
9/30/1925,0.03039672,0.016149586,0.003202522,0
10/31/1925,0,0.084971469,0,0
11/30/1925,0.062566003,-0.029360735,0.011316941,0
12/31/1925,0.052143234,0.036934056,0.002343718,0
1/31/1926,0,0.004404433,0,0
2/28/1926,0,-0.01696854,0,0
3/31/1926,-0.091135383,-0.091931703,0.016867814,0
4/30/1926,0.024474253,0.023138266,0.003921062,0
5/31/1926,0.014645495,-0.001948396,0.00554745,0
6/30/1926,0.047545035,0.067001331,0.003067842,0
7/31/1926,0,0.046654486,0,0
8/31/1926,0.072152183,0.014546112,0.003662305,0
9/30/1926,0.027142832,-0.026582975,0.003073472,0
10/31/1926,0,0,0,0
11/30/1926,0,0,0,0
12/31/1926,0,0,0,0
1/31/1927,0.00284158,-0.011252291,0.028110957,0
2/28/1927,0.052083771,0.035483681,0.00541519,0
3/31/1927,0.010648137,-0.011607839,0.012109129,0
4/30/1927,0,0.028485738,0,0
5/31/1927,0.078943415,0.05053455,0.010630731,0
6/30/1927,-0.00551851,-0.038910777,0.000259029,0
7/31/1927,0,0.091259132,0,0
8/31/1927,0.120923539,0.046251373,0.007261461,0
9/30/1927,0.035957528,0.041098037,0.004442989,0
10/31/1927,-0.039563861,-0.080267189,0.003582499,0
11/30/1927,0.071556437,0.090683986,0.007758694,0
12/31/1927,0,0.012562391,0,0
1/31/1928,-0.00509629,-0.010513163,0.009530386,0
2/29/1928,-0.01764368,-0.019185251,0.001825983,0
3/31/1928,0.117033583,0.100985687,0,0
4/30/1928,0.024377615,-0.013149888,0.004467409,0
5/31/1928,0.0126582,0.038652346,-0.00077091,0
6/30/1928,-0.042999994,-0.0429462,0,0
7/31/1928,0.015151539,0.026762396,-0.009388536,0
8/31/1928,0.074112184,0.113009249,-0.002120708,0
9/30/1928,0.012937204,-0.012603454,0,0
10/31/1928,0.025543989,0.062263011,0.006615873,0
11/30/1928,0.119926229,0.163467645,0.010413325,0
12/31/1928,0.00288301,0.022564595,-0.002986747,0
1/31/1929,0.057084201,0.058366677,-0.002936423,0
2/28/1929,-0.005827486,-0.000314969,-0.005344033,0
3/31/1929,-0.002344665,-0.026968262,0,0
4/30/1929,0.016059515,0.033802822,0.004477277,0
5/31/1929,-0.042791069,-0.068527045,0.003042845,0
6/30/1929,0.10390659,0.115127277,0,0
7/31/1929,0.053630071,0.048394371,0.006114594,0
8/31/1929,0.09799169,0.09384527,0,0
9/30/1929,-0.048880487,-0.096968419,0.001154278,0
10/31/1929,-0.199270574,-0.20363953,0.010576175,0
11/30/1929,-0.133747413,-0.126357367,0,0
12/31/1929,0.025334628,0.039882814,0.026891468,0
1/31/1930,0.062470852,0.075096603,-0.003015514,0
2/28/1930,0.021500677,0.0148611,0.004525545,0
3/31/1930,0.079896894,0.055291236,0.012892898,0
4/30/1930,-0.009546538,-0.024012583,-0.003911352,0
5/31/1930,-0.016465881,-0.014898127,0,0
6/30/1930,-0.164556959,-0.177154913,0.015662117,0
7/31/1930,0.036656911,0.033798723,0.002706364,0
8/31/1930,0.00754361,0.027479811,0,0
9/30/1930,-0.130088935,-0.147741472,0.006268409,0
10/31/1930,-0.088757358,-0.105173249,0.005211184,0
11/30/1930,-0.033057845,-0.013307847,0,0
12/31/1930,-0.063492113,-0.090265918,0.004498034,0
1/31/1931,0.055410716,0.028922156,0,0
2/28/1931,0.113650384,0.124010814,0,0
3/31/1931,-0.074320567,-0.094462526,0.003935724,0
4/30/1931,-0.095865774,-0.122824313,0.003563993,0
5/31/1931,-0.137176949,-0.150340655,0,0
6/30/1931,0.139016914,0.169079911,0.01630363,0
7/31/1931,-0.074173959,-0.098481856,0.000931838,0
8/31/1931,0.009468279,0.029692017,0.000126915,0
9/30/1931,-0.299422785,-0.307008103,-0.00317331,0
10/31/1931,0.074150338,0.076182561,0,0
11/30/1931,-0.089165855,-0.097143381,-0.025488362,0
12/31/1931,-0.145263156,-0.170128901,-0.021527275,0
1/31/1932,-0.022167484,-0.017329913,0,0
2/29/1932,0.044080597,0.063879828,-0.007979069,0
3/31/1932,-0.11821471,-0.100196475,0.019249961,0
4/30/1932,-0.202462388,-0.2367631,0,0
5/31/1932,-0.233276156,-0.200071508,0.019722856,0
6/30/1932,-0.008948544,-0.042467607,0.003130032,0
7/31/1932,0.361173826,0.257936519,0,0
8/31/1932,0.391376436,0.357580252,0.032289333,0
9/30/1932,-0.036948743,-0.021869868,0.005378233,0
10/31/1932,-0.138613864,-0.134991613,0.002021574,0
11/30/1932,-0.058908037,-0.089660752,0.001189825,0
12/31/1932,0.05648854,0.069387769,0,0
1/31/1933,0.002890173,0.010620638,0.025090974,0
2/28/1933,-0.18443804,-0.156157639,-0.00479858,0
3/31/1933,0.033568899,0.078030755,-0.006371583,0
4/30/1933,0.338461555,0.319494581,0,0
5/31/1933,0.231162184,0.205335156,0.015791498,0.175131276
6/30/1933,0.131742718,0.113834979,0.010286984,0.044049249
7/31/1933,-0.087992646,-0.075096798,0.003506682,0.137618263
8/31/1933,0.114572836,0.128236213,0.001841303,-0.017678484
9/30/1933,-0.12353469,-0.079777379,0,0.105506903
10/31/1933,-0.078189308,-0.064516128,0.004495871,0.025213457
11/30/1933,0.102678578,0.113203268,-0.017116081,0.056354132
12/31/1933,0.00910931,0.005400452,0,0.00383067
1/31/1934,0.120361054,0.08665245,0.004163369,0.011451311
2/28/1934,-0.036705411,-0.035068096,0.019703996,0.015963711
3/31/1934,-0.01301115,-0.015561504,0,0
4/30/1934,-0.015065911,-0.013353007,0.021405147,0
5/31/1934,-0.081261982,-0.064583535,0.008449567,0
6/30/1934,0.020811662,0.018617023,0,0
7/31/1934,-0.115188585,-0.080417761,0.011728445,0
8/31/1934,0.054147468,0.054628055,-0.006715386,0
9/30/1934,-0.007650272,-0.003984495,0,0
10/31/1934,-0.029735689,0.00940642,0.005240535,0
11/30/1934,0.082860384,0.102613595,0.002545576,0
12/31/1934,-0.004192871,0.010685768,0.007570437,0
1/31/1935,-0.042105257,-0.022587462,0.015994164,0
2/28/1935,-0.039560444,0.006785313,0.007495991,0
3/31/1935,-0.033180773,-0.015628068,0,0
4/30/1935,0.098224848,0.086029009,0.008057915,0
5/31/1935,0.032327581,0.010872518,0.003127079,0
6/30/1935,0.06889357,0.069775887,0,0
7/31/1935,0.082031234,0.066492036,0.007106179,0
8/31/1935,0.014440431,0.008872741,0,0
9/30/1935,0.03113874,0.035885343,-0.010677695,0
10/31/1935,0.075064744,0.059278346,0.005806708,0
11/30/1935,0.038523268,0.018605974,0,0
12/31/1935,0.037867112,0.012575533,0.005584977,0
1/31/1936,0.065524932,0.037188668,0.004065132,0
2/29/1936,0.02026551,0.020335794,0,0
3/31/1936,0.021917805,0.024978686,0.014090519,0
4/30/1936,-0.077077704,-0.068248673,0.003957422,0
5/31/1936,0.045751589,0.047847846,0,0
6/30/1936,0.030555551,0.033084408,0.004438873,0
7/31/1936,0.068059324,0.04546894,0.00307356,0
8/31/1936,0.008832806,0.008673995,0.008231528,0
9/30/1936,0.001250782,0.009200797,-0.000412065,0
10/31/1936,0.076202362,0.055595323,0,0
11/30/1936,0.002901944,0.034264715,0.013870495,0
12/31/1936,-0.005787036,-0.018120249,0.001236783,0
1/31/1937,0.034342223,0.026903785,0,0
2/28/1937,0.016319666,0.013153633,0,0
3/31/1937,-0.007751937,-0.004060477,-0.011227192,0
4/30/1937,-0.083147335,-0.065125255,-0.003807708,0
5/31/1937,-0.010346894,0.002524813,0.005815009,0
6/30/1937,-0.052890581,-0.03085111,0.000555042,0
7/31/1937,0.08896106,0.086758797,0,0
8/31/1937,-0.043530077,-0.035867603,0.004540632,0
9/30/1937,-0.142144674,-0.128741337,0.004052762,0
10/31/1937,-0.102470952,-0.104095229,0,0
11/30/1937,-0.100404846,-0.108318877,0.009841435,0
12/31/1937,-0.050405034,-0.021299023,0.003117212,0
1/31/1938,0.01327014,0.008440218,0.003976309,0
2/28/1938,0.060804528,0.063756475,0.005716202,0
3/31/1938,-0.250440926,-0.23673251,0.000438469,0
4/30/1938,0.150588234,0.128448675,0,0
5/31/1938,-0.052147241,-0.035106542,0.015761846,0
6/30/1938,0.247033455,0.242621125,0.000350055,0
7/31/1938,0.066608942,0.054675836,0,0
8/31/1938,-0.021897767,-0.01366858,0.006836263,0
9/30/1938,0.014925371,0.015653068,-0.004874121,0
10/31/1938,0.075980421,0.072675831,0.011802376,0
11/30/1938,-0.033409257,-0.012588152,-0.001429025,0
12/31/1938,0.032207339,0.030303057,0,0
1/31/1939,-0.063926931,-0.068670618,0.006793408,0
2/28/1939,0.03252032,0.02462435,0.006444067,0
3/31/1939,-0.13543305,-0.104955878,0.009925564,0
4/30/1939,-0.004553779,-0.026243887,0,0
5/31/1939,0.061299214,0.076335804,0.022452853,0
6/30/1939,-0.063793092,-0.054638857,-0.000852864,0
7/31/1939,0.108655597,0.09668534,0.003552836,0
8/31/1939,-0.07142856,-0.061775801,-0.009540375,0
9/30/1939,0.144007175,0.117178752,0,0
10/31/1939,0.003127443,0.011454452,-0.016641761,0
11/30/1939,-0.049103693,-0.040755881,0.011754329,0
12/31/1939,0.021311472,0.029514765,0,0
1/31/1940,-0.032905332,-0.031068755,0.01184332,-0.00714194
2/29/1940,0.006639003,0.008325881,0.001045197,-0.007196374
3/31/1940,0.004122052,0.006824056,0,0
4/30/1940,0.000820977,0.006032262,0.007301038,-0.007245487
5/31/1940,-0.239540578,-0.217004614,-0.014580107,0.001460288
6/30/1940,0.076591153,0.05024951,0,0
7/31/1940,0.031062109,0.033426196,0.023466077,-0.001458159
8/31/1940,0.020408209,0.021721902,0,0
9/30/1940,0.015238092,0.029174434,0.012559775,0
10/31/1940,0.039399617,0.014852229,0.007067741,0.007298367
11/30/1940,-0.046028918,-0.034024218,0,0
12/31/1940,0.000946121,0.008459532,0.021995619,0
1/31/1941,-0.048204197,-0.053382145,0.001566323,0
2/28/1941,-0.014895718,-0.017401109,-0.006284395,0
3/31/1941,0.004032257,0.006149118,0.014528005,0.007248538
4/30/1941,-0.065261044,-0.058507241,0.008941009,-0.007196374
5/31/1941,0.007518796,0.001904142,0,0
6/30/1941,0.050106612,0.063752594,0.011481172,0
7/31/1941,0.054822316,0.045882721,0.012427509,-0.007245487
8/31/1941,-0.010587053,-0.010559856,0,0
9/30/1941,-0.0077821,-0.00478691,-0.004080056,0.007298367
10/31/1941,-0.068627486,-0.070966686,0.00606491,0
11/30/1941,-0.039999994,-0.026820631,0,0
12/31/1941,-0.047149126,-0.032269334,-0.017322003,0.028987985
1/31/1942,0.018411965,-0.013968942,0,0
2/28/1942,-0.029378526,-0.025866053,0,0
3/31/1942,-0.067520373,-0.066147473,0.007024129,-0.014085677
4/30/1942,-0.043695386,-0.04199739,-0.003645292,0.00714194
5/31/1942,0.063968671,0.057996869,0,0
6/30/1942,0.018404905,0.024385376,0.005290948,0.021276931
7/31/1942,0.031325308,0.023030813,-0.000937865,0
8/31/1942,0.007009345,0.00576992,0.001765373,0
9/30/1942,0.02668213,0.026145087,0.000874134,-0.006943556
10/31/1942,0.057627121,0.040234534,0,0
11/30/1942,-0.007478631,0.008810637,0.002648001,0.006992107
12/31/1942,0.051668463,0.042794762,0.004466808,-0.013887144
1/31/1943,0.068577307,0.050334965,0,0
2/28/1943,0.050766226,0.034287586,0,0
3/31/1943,0.055606237,0.052887197,0.006125753,0.014082712
4/30/1943,0.000863515,-0.007981265,0.00354416,0.006943556
5/31/1943,0.039689382,0.048568014,0.006218135,0.00689861
6/30/1943,0.024896262,0.009291902,0.002581119,-0.006851345
7/31/1943,-0.040485825,-0.042753548,0,0
8/31/1943,-0.004219367,-0.004590157,-0.000190678,-0.006895676
9/30/1943,0.02372881,0.025618506,0.001716643,0
10/31/1943,-0.014072887,-0.013060218,0,0
11/30/1943,-0.074727069,-0.063055903,-0.001020055,0.006943556
12/31/1943,0.05898361,0.048776674,0.000864519,0.00689861
1/31/1944,0.015424163,0.011111984,0.001768416,-0.006851345
2/29/1944,-0.002531603,-0.008005844,0.005350124,-0.006895676
3/31/1944,0.016920471,0.018635358,0.001735609,0
4/30/1944,-0.012479241,-0.018942693,0,0
5/31/1944,0.040438074,0.044269938,0.002582083,0.013890067
6/30/1944,0.05101218,0.043166446,0.000847257,0.006848431
7/31/1944,-0.020801191,-0.015298537,0.001746827,-0.020408442
8/31/1944,0.008654562,0.006022848,0.004439969,0
9/30/1944,-0.006240249,-0.004626144,0,0
10/31/1944,0.003139717,0.00150362,0.00166933,0
11/30/1944,0.003912402,0.005459672,0.001739868,0.013890067
12/31/1944,0.035073999,0.031222379,0,0
1/31/1945,0.014307264,0.011452666,0.015225593,-0.006851345
2/28/1945,0.061618363,0.043795133,0.00702016,0.013794286
3/31/1945,-0.048251707,-0.039526165,0,0
4/30/1945,0.090374671,0.073867318,0.01852478,0.034015065
5/31/1945,0.011455558,0.017287232,0.001437901,0.006578095
6/30/1945,-0.009327114,-0.022162783,0,0
7/31/1945,-0.014122425,-0.010269221,0.004645753,-0.032681093
8/31/1945,0.057980927,0.070051596,0.003220429,-0.006755926
9/30/1945,0.034816242,0.033392593,0,0
10/31/1945,0.037383172,0.036033538,0.010928341,0.020408472
11/30/1945,0.032432428,0.026045038,0.00583728,0.013334457
12/31/1945,0.009889498,0.007573373,-0.009433634,-0.019737084
1/31/1946,0.06970042,0.060961064,0.006795303,0.013421083
2/28/1946,-0.069466846,-0.071236636,0.003140559,0.019867861
3/31/1946,0.043981474,0.049818502,0,0
4/30/1946,0.039911302,0.036129504,-0.008993852,-0.006492705
5/31/1946,0.022388056,0.026647949,0.000540137,0.019608129
6/30/1946,-0.039103252,-0.031373645,0,0
7/31/1946,-0.025501869,-0.019745153,0.001958485,0
8/31/1946,-0.072939882,-0.061371328,0,0
9/30/1946,-0.101501516,-0.088641033,-0.006878929,-0.025640474
10/31/1946,-0.008021389,-0.018965283,0.003337109,-0.006580894
11/30/1946,-0.01078167,0.003724499,0,0
12/31/1946,0.042234327,0.043703596,0.004017652,0.01324616
1/31/1947,0.023529474,0.018284421,0.005109964,-0.0196081
2/28/1947,-0.01468713,-0.008534705,0.003277173,0.026666107
3/31/1947,-0.016850289,-0.0095025,0.001471755,0.006492676
4/30/1947,-0.038892578,-0.037020324,-0.000328639,0.006453538
5/31/1947,-0.008916288,-0.008145796,0,0
6/30/1947,0.052595147,0.047562751,0.000266745,-0.025640474
7/31/1947,0.036160448,0.033164155,0.002406085,0.026315208
8/31/1947,-0.02791884,-0.023637956,0,0
9/30/1947,-0.013707537,-0.007604159,0.001181601,0.083333549
10/31/1947,0.021178024,0.024339396,-0.007408753,0.017751729
11/30/1947,-0.029163994,-0.012650524,0,0
12/31/1947,0.021361813,0.009191685,-0.019752602,0
1/31/1948,-0.040522871,-0.035327921,0,0
2/29/1948,-0.051089877,-0.04554819,0,0
3/31/1948,0.082555585,0.062350152,0.008141537,0.005813201
4/30/1948,0.026525195,0.018679461,0.002683536,-0.028902958
5/31/1948,0.078165397,0.056672752,0.009869837,-0.011903245
6/30/1948,0.002995835,-0.006710712,-0.007197812,0.012046639
7/31/1948,-0.05316609,-0.042911424,0,0
8/31/1948,0.007570977,0.002095625,2.50E-05,0.011905803
9/30/1948,-0.030056351,-0.018766145,0.004511551,0
10/31/1948,0.065203379,0.055973073,0,0
11/30/1948,-0.106060617,-0.090715982,0.004534964,0
12/31/1948,0.030508436,0.035630836,0.004477243,-0.011765723
1/31/1949,0.001315789,0.010265122,0.006250092,0.011905803
2/28/1949,-0.039421808,-0.033832083,0.00261721,-0.011765723
3/31/1949,0.030095755,0.023344535,0.005306531,-0.005951622
4/30/1949,-0.023240336,-0.017165488,0,0
5/31/1949,-0.035350096,-0.032747307,0.005156603,0.005987256
6/30/1949,-0.0021142,-0.005583261,0.008859551,0
7/31/1949,0.062146884,0.050770495,0,0
8/31/1949,0.011968084,0.015575266,0.012195861,-0.011903245
9/30/1949,0.023653085,0.021549285,-0.001169876,0.012046639
10/31/1949,0.029525092,0.038518467,0.001539833,0
11/30/1949,0.001246883,0.010604601,0.001543421,-0.011903245
12/31/1949,0.045454506,0.046828507,0,0
1/31/1950,0.015485406,0.005884727,-0.001434352,0
2/28/1950,0.009970702,0.008428345,-0.000207731,-0.048194298
3/31/1950,0.004065011,0.012782688,-0.000189969,-0.018987616
4/30/1950,0.038750746,0.040291287,0,0
5/31/1950,0.045657008,0.042463839,-0.00209015,-0.058062684
6/30/1950,-0.058040486,-0.064010779,-0.0036892,0.068493115
7/31/1950,0.008479394,0.000956487,0.001714076,0.012818859
8/31/1950,0.032511205,0.035833728,0.001717093,-0.012656616
9/30/1950,0.055917499,0.043819206,0,0
10/31/1950,0.00411311,-0.005744606,-0.005451983,-0.023078338
11/30/1950,-0.001024065,0.011111125,-0.000879722,0.030184373
12/31/1950,0.047155297,0.034725284,0,0
1/31/1951,0.060205545,0.057009345,0.009038635,0.108280009
2/28/1951,0.006463526,0.012941067,-0.003579488,0.011495253
3/31/1951,-0.014678897,-0.016306921,0,0
4/30/1951,0.044227205,0.045133704,-0.018331204,-0.028410287
5/31/1951,-0.04057068,-0.036585368,-0.005953425,-0.017544133
6/30/1951,-0.026022301,-0.028080444,0,0
7/31/1951,0.068702328,0.062729271,0.01229563,-0.0178574
8/31/1951,0.039285707,0.048089973,0.011899038,0.006062414
9/30/1951,-0.000859106,0.003330255,0,0
10/31/1951,-0.013757521,-0.03249126,-0.011073714,-0.024095867
11/30/1951,-0.002615518,-0.038423401,-0.001476563,0.01234408
12/31/1951,0.038898573,0.067232207,0.004798349,-0.024389718
1/31/1952,0.015565858,0.005423072,0.002090377,0.01875025
2/29/1952,-0.036454012,-0.03919757,-0.002319765,-0.00613418
3/31/1952,0.047721381,0.036067231,0.002084839,-0.018518774
4/30/1952,-0.043085735,-0.043904249,0.011745659,-0.031447828
5/31/1952,0.023156085,0.020611734,0,0
6/30/1952,0.046102255,0.043053283,0.003952732,0
7/31/1952,0.017628202,0.019325445,-0.003240642,0.012988114
8/31/1952,-0.014566907,-0.016168845,0,0
9/30/1952,-0.019576525,-0.016107357,-0.013182358,-0.012821586
10/31/1952,-0.000814996,-0.005099767,0.014504664,0
11/30/1952,0.046492651,0.053599283,0,0
12/31/1952,0.035463771,0.029049905,0.00330076,0.005196351
1/31/1953,-0.00715094,-0.007297286,0,0
2/28/1953,-0.0181956,-0.018981208,0,0
3/31/1953,-0.023552101,-0.015478793,-0.014244366,-0.011628629
4/30/1953,-0.0264927,-0.018259142,-0.003780028,-0.006535106
5/31/1953,-0.00324939,-0.009026387,0,0
6/30/1953,-0.016299916,-0.014764763,-0.019187934,-0.013158989
7/31/1953,0.025269238,0.026542403,0.0183452,0
8/31/1953,-0.057777749,-0.084104992,0.000709284,-0.00666581
9/30/1953,0.001286428,0.0468657,0.009436466,0
10/31/1953,0.050963611,0.044578269,0,0
11/30/1953,0.008964954,0.020159515,0.021332563,-0.053692957
12/31/1953,0.002019366,-0.001670436,0.010114317,0.007094311
1/31/1954,0.05118905,0.037772787,0,0
2/28/1954,0.002684068,-0.000343073,0,0
3/31/1954,0.030210301,0.032532603,0.025788164,-0.007044336
4/30/1954,0.048997803,0.05759773,0.008996605,0.002837724
5/31/1954,0.032908681,0.025612022,-0.005065632,0.001414847
6/30/1954,0.000685166,0.03226497,0.001103439,-0.002825697
7/31/1954,0.05717221,0.027457046,0,0
8/31/1954,-0.034002601,-0.014127228,0.005656465,0
9/30/1954,0.083137802,0.059985343,0.000216978,0
10/31/1954,-0.019498619,-0.026512213,0,0
11/30/1954,0.080808068,0.098344345,-0.004705659,-0.001416852
12/31/1954,0.050817779,0.04555797,-0.000553272,0
1/31/1955,0.018065575,0.010979767,-0.006598145,0
2/28/1955,0.003549017,0.007436031,-0.001305889,0
3/31/1955,-0.004896626,-0.005268759,0.000462154,0
4/30/1955,0.037725527,0.038931869,0,0
5/31/1955,-0.001317163,-0.001856038,-0.00330688,-0.001418862
6/30/1955,0.082300171,0.062422031,0.000559576,0
7/31/1955,0.060687305,0.032057968,0,0
8/31/1955,-0.007812499,0.005001709,-0.011687942,0
9/30/1955,0.011347856,-0.003332113,0.002474962,-0.001417857
10/31/1955,-0.030455697,-0.025181645,0.01032593,0
11/30/1955,0.074870099,0.062414818,0.001535032,0
12/31/1955,-0.000659207,0.010636313,0,0
1/31/1956,-0.036499555,-0.03615962,-0.001205863,0
2/29/1956,0.034687352,0.027425488,0.007554174,0
3/31/1956,0.069254533,0.058183761,0,0
4/30/1956,-0.002062706,0.008460668,-0.023786081,0
5/31/1956,-0.06572965,-0.073763337,0.012056632,0
6/30/1956,0.039159297,0.030813313,0,0
7/31/1956,0.05152224,0.0507945,0.001654908,0
8/31/1956,-0.03806438,-0.030455773,-0.015933197,0
9/30/1956,-0.045464106,-0.053343426,0,0
10/31/1956,0.005071653,0.009658078,0.004749261,0.00141987
11/30/1956,-0.010969722,-0.014734081,-0.009854177,0
12/31/1956,0.035270636,0.056454505,-0.005525195,0
1/31/1957,-0.041782734,-0.040663904,0.002992971,-0.001417857
2/28/1957,-0.03264758,-0.030345416,0.012926962,0
3/31/1957,0.019648645,0.021932378,0,0
4/30/1957,0.036953054,0.04117524,-0.005989144,0
5/31/1957,0.036947972,0.021381596,-0.007026574,0
6/30/1957,-0.001265022,-0.003248035,0,0
7/31/1957,0.011399618,0.010391834,-0.02088694,0.00141987
8/31/1957,-0.056146944,-0.047531022,0,0
9/30/1957,-0.061919495,-0.057913862,0.007392964,0.001420878
10/31/1957,-0.032060344,-0.033443642,-0.000863719,0
11/30/1957,0.016074035,0.02002131,0,0
12/31/1957,-0.041466927,-0.031520916,0.07180998,0
1/31/1958,0.042760696,0.03289112,0.012756712,0
2/28/1958,-0.020623498,-0.022443963,0.00592149,0
3/31/1958,0.030852101,0.015548647,0.008417945,0
4/30/1958,0.031828973,0.020369336,0.010900554,0
5/31/1958,0.014963177,0.015004926,0,0
6/30/1958,0.026082996,0.033456535,-0.002694435,0
7/31/1958,0.043103453,0.051885314,-0.016570517,0
8/31/1958,0.011866919,0.011213163,0,0
9/30/1958,0.048376966,0.046124806,-0.040023488,0
10/31/1958,0.025369562,0.020917907,-0.000179555,0
11/30/1958,0.022404039,0.026214538,0,0
12/31/1958,0.052019819,0.046981806,0.001324504,0
1/31/1959,0.003803667,0.017665001,0,0
2/28/1959,-0.000180449,0.01607878,0,0
3/31/1959,0.000541427,-0.00298259,0.01235323,0
4/30/1959,0.038780666,0.036646164,-0.007169784,0
5/31/1959,0.018926885,0.032112223,0,0
6/30/1959,-0.003578723,-0.000295132,-0.010667857,0
7/31/1959,0.034889681,0.048602368,-0.001217494,0
8/31/1959,-0.015038826,-0.015514093,0.001247198,0
9/30/1959,-0.045637593,-0.049262501,-0.016249933,0
10/31/1959,0.011251756,0.023619937,0,0
11/30/1959,0.013212793,0.019455912,0.019887351,0
12/31/1959,0.027625262,0.030614262,-0.009022267,0
1/31/1960,-0.071464357,-0.083521014,0,0
2/29/1960,0.00917102,0.012046063,0.024155595,0
3/31/1960,-0.013898786,-0.021472437,0.023320181,0
4/30/1960,-0.017528015,-0.024149342,0,0
5/31/1960,0.02685304,0.039571878,-0.000962827,-0.001418862
6/30/1960,0.01952356,0.024156668,0.019941085,0
7/31/1960,-0.024771614,-0.037292574,0,0
8/31/1960,0.026121425,0.015014911,0.035651913,0.004262635
9/30/1960,-0.060393249,-0.07324515,0.003167712,0.001414847
10/31/1960,-0.002429007,0.000379216,-0.004128538,0.031073681
11/30/1960,0.040269716,0.029051436,-5.12E-06,0
12/31/1960,0.046272958,0.031262044,0,0
1/31/1961,0.063156082,0.052461518,0.013853106,0
2/28/1961,0.026869533,0.021413478,0.00809709,-0.036985639
3/31/1961,0.025535935,0.021976524,0.006415607,0
4/30/1961,0.003842614,0.003074099,0,0
5/31/1961,0.019139493,0.026536027,0.008729047,0.00141987
6/30/1961,-0.028846164,-0.018314645,-0.010651249,0
7/31/1961,0.03279704,0.031303452,-1.50E-05,0.001420878
8/31/1961,0.019622518,0.02065612,-0.006432649,0.001418862
9/30/1961,-0.019685615,-0.026016425,0,0
10/31/1961,0.028323096,0.003864812,0.016520287,0.002833704
11/30/1961,0.039347123,0.025116847,0.001642996,0.001412848
12/31/1961,0.003224908,0.013220804,0,0
1/31/1962,-0.037875612,-0.042577933,-0.004090879,0.001410855
2/28/1962,0.016269608,0.011500008,0.0131267,-0.002817735
3/31/1962,-0.005860484,-0.001553567,0.017402803,0
4/30/1962,-0.061969817,-0.058872627,0.003032144,-0.005651393
5/31/1962,-0.085990185,-0.078111616,-0.000628584,0.001420878
6/30/1962,-0.081838005,-0.08490935,-0.006861202,0
7/31/1962,0.063561652,0.065297182,-0.00063815,0.007094311
8/31/1962,0.015284207,0.018814909,0.011552303,-0.001408867
9/30/1962,-0.048207021,-0.049574835,0.005054994,0
10/31/1962,0.004442855,0.018636216,0.005443539,0
11/30/1962,0.101556973,0.100937654,0.003303347,0
12/31/1962,0.013491806,0.004312337,0.009990617,-0.00282171
1/31/1963,0.049128376,0.047140014,0.001209618,0
2/28/1963,-0.028851966,-0.029157636,-0.003988322,0.001414847
3/31/1963,0.035464297,0.029535544,0.002159057,0
4/30/1963,0.048520354,0.051545034,0.003346057,0
5/31/1963,0.014326645,0.012902501,0.002459271,-0.002825697
6/30/1963,-0.02019773,-0.027622254,-0.000943179,0
7/31/1963,-0.003459708,-0.01619817,0.003539157,0
8/31/1963,0.048748733,0.048733138,0.001371738,0
9/30/1963,-0.011034495,0.00475793,-0.00173084,-0.00070692
10/31/1963,0.032217575,0.030623104,-0.004371702,-0.000710435
11/30/1963,-0.010539115,-0.006236594,0.010355617,0
12/31/1963,0.024443537,0.016562077,-0.002677601,0
1/31/1964,0.026926149,0.029347,0.00250457,0
2/29/1964,0.009865004,0.018845577,0.000175144,0
3/31/1964,0.015167106,0.016434826,-0.001447096,0
4/30/1964,0.006077487,-0.003098559,0.00456913,0
5/31/1964,0.011452295,0.012075089,0.006395231,0
6/30/1964,0.016424049,0.01334471,0.007541528,0
7/31/1964,0.018239678,0.011533371,-0.000321716,0.001418862
8/31/1964,-0.016229854,-0.003115008,0.001373312,0
9/30/1964,0.028718075,0.043996804,0.006562941,0.001416852
10/31/1964,0.008077927,-0.002616067,0.005539866,0
11/30/1964,-0.00518501,0.002691651,-0.000675259,0
12/31/1964,0.00390902,-0.001484995,0.002523848,0
1/31/1965,0.033156343,0.032867337,0.005222436,0
2/28/1965,-0.00148469,0.000686712,0.000222019,0
3/31/1965,-0.01452591,-0.015971752,0.005722458,0.000850112
4/30/1965,0.034238626,0.037411139,0.002542569,-0.00084939
5/31/1965,-0.007743243,-0.004629731,0.001391351,-0.001414847
6/30/1965,-0.048631535,-0.054475347,0.006568933,-0.00070692
7/31/1965,0.013433195,0.015794573,0.001546353,0
8/31/1965,0.022521991,0.012883758,-0.001417485,0.002125274
9/30/1965,0.032006425,0.041966658,-0.004380723,0.000705919
10/31/1965,0.027345494,0.032496217,-0.002513663,0
11/30/1965,-0.008764341,-0.014685534,-0.003254451,0.000708428
12/31/1965,0.008950986,0.02381959,-0.012932354,0.002825697
1/31/1966,0.004868554,0.014712409,-0.000326317,0
2/28/1966,-0.017872521,-0.032150157,-0.028930815,0
3/31/1966,-0.021815393,-0.028490691,0.035792729,-0.002817735
4/30/1966,0.0205088,0.009634829,-0.004205549,0
5/31/1966,-0.054140135,-0.053133836,0.003013471,-0.002825697
6/30/1966,-0.016138387,-0.015801912,-0.01293458,0.000294819
7/31/1966,-0.013452924,-0.026111944,-0.00402231,0
8/31/1966,-0.077751196,-0.069590976,-0.026227978,0.001828413
9/30/1966,-0.00700389,-0.017998251,0.038869606,0.000144091
10/31/1966,0.047544415,0.042429807,0.008986838,0
11/30/1966,0.0031172,-0.019180497,-0.010676606,0
12/31/1966,-0.001491609,-0.00745335,0.053196957,0
1/31/1967,0.078177518,0.081711621,0.015640437,0.000564256
2/28/1967,0.001962827,-0.012378077,-0.01636781,-0.003389634
3/31/1967,0.039409996,0.031702353,0.026253559,-0.000282928
4/30/1967,0.042239478,0.035878421,-0.024228305,0
5/31/1967,-0.052441237,-0.049595892,0.001191493,0.002267079
6/30/1967,0.017512357,0.009031611,-0.036195344,0.001414847
7/31/1967,0.045344217,0.051124085,0.010089833,0.000563938
8/31/1967,-0.011715043,-0.003262412,-0.006374121,0.000848432
9/30/1967,0.032785135,0.028148541,0.000202127,0
10/31/1967,-0.029055941,-0.050633455,-0.028022683,0
11/30/1967,0.001064963,-0.004467227,-0.005509427,0.001410855
12/31/1967,0.026276597,0.033454741,0.008303084,0
1/31/1968,-0.043847826,-0.054844157,0.020656604,0.009859106
2/29/1968,-0.031222903,-0.017499157,0.002442064,0
3/31/1968,0.009400178,0.000202257,-0.015497657,0
4/30/1968,0.08192905,0.085110697,0.00648815,0.094838061
5/31/1968,0.011169181,-0.014492127,-0.006922022,0.095542788
6/30/1968,0.009120388,-0.001334815,0.026650008,0
7/31/1968,-0.018477603,-0.016484737,0.030196663,-0.084884188
8/31/1968,0.011458971,0.014733857,0.001519539,0.016517945
9/30/1968,0.038539317,0.044396831,-0.002637193,0.014999137
10/31/1968,0.007207625,0.017739023,-0.007093542,0.012316319
11/30/1968,0.047964385,0.034324174,-0.01236363,0
12/31/1968,-0.041616727,-0.041955981,-0.032866786,0.058393431
1/31/1969,-0.008184021,0.002437088,0.001872094,0
2/28/1969,-0.04737408,-0.043168967,-0.002323481,0
3/31/1969,0.034444099,0.033428704,0.001037035,0
4/30/1969,0.021475704,0.015724719,0.015195827,0
5/31/1969,-0.002218164,-0.013292224,-0.030323824,0
6/30/1969,-0.055577004,-0.068647005,-0.011730426,-0.048275578
7/31/1969,-0.060178079,-0.066102446,0.012815203,0.004832353
8/31/1969,0.040074054,0.026058593,-0.011601668,-0.012020255
9/30/1969,-0.025023559,-0.028241234,-0.060307747,-0.004867624
10/31/1969,0.04424399,0.052761693,0.064807644,-0.022003651
11/30/1969,-0.035273549,-0.051040315,-0.029267685,-0.102501274
12/31/1969,-0.01865473,-0.014699012,-0.051642773,-0.013925838
1/31/1970,-0.076471865,-0.070343348,0.019168755,-0.005651393
2/28/1970,0.052693475,0.045063573,0.094212,0
3/31/1970,0.001452519,0.010262484,-0.012439696,0.005683513
4/30/1970,-0.090483099,-0.063011574,-0.065906163,0.019773899
5/31/1970,-0.06096663,-0.048405725,-0.007330449,-0.008309769
6/30/1970,-0.050032657,-0.024141966,0.033691274,-0.002794124
7/31/1970,0.073294824,0.074012851,0.037053988,-0.005600957
8/31/1970,0.04445868,0.041491853,-0.005101693,0.016900447
9/30/1970,0.032998038,-0.005100844,0.026475628,0.013851579
10/31/1970,-0.011400069,-0.006665085,0.002088168,0.024588745
11/30/1970,0.047447446,0.050925742,0.092807925,0.00799954
12/31/1970,0.056766052,0.056454556,0.00408205,-0.005289765
1/31/1971,0.040477481,0.03525962,0.046708146,0.021274441
2/28/1971,0.009073846,0.011894063,-0.000355904,0.018231834
3/31/1971,0.03679586,0.029061372,0.067886463,0
4/30/1971,0.036287523,0.041332637,-0.049064288,0.020458276
5/31/1971,-0.041558454,-0.036049905,-0.024938566,0.030076145
6/30/1971,0.000702605,-0.018352059,-0.026576929,-0.017031509
7/31/1971,-0.041323975,-0.036705796,-0.009455505,0.056929209
8/31/1971,0.036095417,0.046177327,0.063800629,-0.039812111
9/30/1971,-0.006967579,-0.012114869,0.033553568,0.046342334
10/31/1971,-0.041793775,-0.054317561,0.017839515,-0.006992602
11/30/1971,-0.002546959,-0.009129922,-0.001238726,0.030515512
12/31/1971,0.086179356,0.070801362,0.009175003,-0.002278581
1/31/1972,0.018121287,0.013446419,-0.015157454,0.082192029
2/29/1972,0.02530307,0.028775055,0.009928458,0.02320695
3/31/1972,0.00591162,0.013532592,-0.002680816,0.002062469
4/30/1972,0.004384267,0.014329906,0.002688022,0.02674818
5/31/1972,0.017275033,0.006864605,0.014469865,0.196393835
6/30/1972,-0.021820498,-0.03298568,-0.004857764,0.087101372
7/31/1972,0.002333418,-0.004617714,0.007930622,0.057011406
8/31/1972,0.034453807,0.042163203,-0.024297071,-0.021866195
9/30/1972,-0.004860896,-0.010853667,-0.006757739,-0.038748589
10/31/1972,0.009317063,0.002360301,0.018612229,0.001550849
11/30/1972,0.045617527,0.06560822,0.018405206,-0.010835858
12/31/1972,0.011828223,0.001777693,-0.008102111,0.020343692
1/31/1973,-0.017111399,-0.020587833,-0.007548717,0.016871311
2/28/1973,-0.037490362,-0.043993142,-0.004958357,0.286576655
3/31/1973,-0.001432647,-0.004250996,-0.003385735,0.058616663
4/30/1973,-0.040799828,-0.031103775,0.008317625,0.007751898
5/31/1973,-0.018883805,-0.021727106,-0.016846068,0.263736511
6/30/1973,-0.006574601,-0.010760914,0.00452182,0.073912935
7/31/1973,0.03798204,0.038902787,-0.04220619,-0.061538786
8/31/1973,-0.036684603,-0.041914945,0.024485349,-0.104400247
9/30/1973,0.040096005,0.067070766,0.041083825,-0.033718502
10/31/1973,-0.00129122,0.010009503,0.025226012,-0.019939753
11/30/1973,-0.113860909,-0.140427356,0.007676801,0.029501646
12/31/1973,0.016569407,0.034794768,-0.015863181,0.131422089
1/31/1974,-0.010046129,0.005512079,-0.00412766,0.159825574
2/28/1974,-0.003624319,0.005820809,0.004320392,0.225903663
3/31/1974,-0.02327998,-0.01609473,-0.033718508,0.064496557
4/30/1974,-0.039050861,-0.011728163,-0.01858226,-0.021927628
5/31/1974,-0.033551102,-0.041326557,0.020733822,-0.073746334
6/30/1974,-0.014665442,0.000299186,-0.006239764,-0.079617859
7/31/1974,-0.077790702,-0.056056133,-0.018138792,0.080969434
8/31/1974,-0.090278652,-0.104102026,-0.015196788,0.000639671
9/30/1974,-0.119334721,-0.10420289,0.023594408,-0.030709761
10/31/1974,0.163046905,0.094839347,0.022095431,0.103630307
11/30/1974,-0.053179971,-0.070411104,0.02129076,0.108253378
12/31/1974,-0.020151497,-0.003911681,0.030006995,0.053426735
1/31/1975,0.12281213,0.141908996,-0.006826242,-0.038422142
2/28/1975,0.059885695,0.050249399,0.012322158,0.036228013
3/31/1975,0.021693825,0.03937488,-0.048161956,-0.026220659
4/30/1975,0.04726488,0.069244279,-0.023173436,-0.058078591
5/31/1975,0.0441008,0.013331874,0.033865207,-0.001681518
6/30/1975,0.044322549,0.056110253,0.013967059,0.007860737
7/31/1975,-0.067654165,-0.054016547,-0.016922857,-0.001113957
8/31/1975,-0.021070425,0.004606081,-0.001503666,-0.044060292
9/30/1975,-0.034645488,-0.049632483,-0.013031296,-0.123103944
10/31/1975,0.061643015,0.053106261,0.065984368,0.015967884
11/30/1975,0.024708004,0.029460316,-0.016855713,-0.037982468
12/31/1975,-0.011508114,-0.009597173,0.045545234,0.026548647
1/31/1976,0.118305763,0.144144248,0.002003339,-0.097607669
2/29/1976,-0.011401917,-0.002737675,0.008908521,0.032383894
3/31/1976,0.030689023,0.027595891,0.017841655,-0.020408178
4/30/1976,-0.010995488,-0.002601469,0.005279109,-0.009259203
5/31/1976,-0.014364353,-0.021688317,-0.022532669,-0.022585661
6/30/1976,0.040926275,0.028249748,0.016672736,-0.013545866
7/31/1976,-0.008055254,-0.018089713,0.006559085,-0.091276254
8/31/1976,-0.005123709,-0.01107004,0.026843006,-0.075555545
9/30/1976,0.022641105,0.016893633,0.017449184,0.115384608
10/31/1976,-0.022234861,-0.025510257,0.018994025,0.061637966
11/30/1976,-0.007774537,-0.018353668,0.047968447,0.057653263
12/31/1976,0.052497524,0.060630012,0.026233513,0.032629517
1/31/1977,-0.050530438,-0.050047238,-0.052218074,-0.016356869
2/28/1977,-0.021660201,-0.018808221,-0.034672789,0.078987129
3/31/1977,-0.014025292,-0.018463935,0.045014357,0.043082372
4/30/1977,0.000203211,0.008453648,0.002731366,-0.011081274
5/31/1977,-0.023567662,-0.030467149,0.013301473,-0.029202031
6/30/1977,0.045359949,0.019629218,0.023131854,0.000349731
7/31/1977,-0.016222117,-0.028625989,-0.0161715,0.00769234
8/31/1977,-0.02104198,-0.032109838,0.037943613,0.01318531
9/30/1977,-0.002480107,-0.016692011,-0.023787413,0.055136921
10/31/1977,-0.043406193,-0.033950729,-0.014887712,0.048360921
11/30/1977,0.026965563,0.013869377,0.013428464,-0.008978293
12/31/1977,0.002847195,0.001771726,-0.016428644,0.030615437
1/31/1978,-0.061514191,-0.073691303,-0.009411491,0.065474368
2/28/1978,-0.024761906,-0.036107649,-0.003863062,0.036984341
3/31/1978,0.024931068,0.020535757,-0.003990661,-0.003566506
4/30/1978,0.08541643,0.105577271,-0.002794809,-0.059196052
5/31/1978,0.004750593,0.003929199,-0.010623264,0.077846076
6/30/1978,-0.018090243,-0.025766997,-0.012844258,-0.005973416
7/31/1978,0.053909742,0.052897003,0.012957796,0.093963438
8/31/1978,0.02592372,0.016874062,0.024426222,0.042197229
9/30/1978,-0.007261084,-0.012545334,-0.01026099,0.040249168
10/31/1978,-0.091574029,-0.084740472,-0.032348372,0.11745739
11/30/1978,0.016639831,0.008303356,0.016923053,-0.202802944
12/31/1978,0.014889126,0.007484075,-0.022013823,0.168562555
1/31/1979,0.039746128,0.042496365,0.02793037,0.034070801
2/28/1979,-0.036525577,-0.036224113,-0.015012566,0.07531023
3/31/1979,0.055151679,0.065972651,0.013724379,-0.044568251
4/30/1979,0.001673378,-0.008443706,-0.016534421,0.021657627
5/31/1979,-0.026336493,-0.038098024,0.03766756,0.119445558
6/30/1979,0.038655621,0.023895516,0.032358234,0.01056085
7/31/1979,0.008745553,0.005273282,-0.012530354,0.068288276
8/31/1979,0.053077684,0.048687412,-0.015052931,0.062911119
9/30/1979,0,-0.010195693,-0.013017877,0.26071086
10/31/1979,-0.068605872,-0.07157003,-0.1145834,-0.038388922
11/30/1979,0.042624201,0.008152514,0.042438224,0.088089031
12/31/1979,0.016767132,0.019930683,0.012344251,0.231805583
1/31/1980,0.057624606,0.044244932,-0.069280948,0.275390638
2/29/1980,-0.004379773,-0.014511615,-0.144979466,-0.024502303
3/31/1980,-0.101794881,-0.089661003,0.015034156,-0.223704857
4/30/1980,0.041140165,0.039847283,0.212823299,0.047522745
5/31/1980,0.046570767,0.041355583,0.057702245,0.033783789
6/30/1980,0.026968711,0.020062295,0.022990427,0.220354789
7/31/1980,0.065038516,0.077656924,-0.057558235,-0.060061209
8/31/1980,0.005835419,-0.002918786,-0.070003441,0.027676044
9/30/1980,0.02516754,-0.000182285,-0.023545734,0.05623762
10/31/1980,0.016021044,-0.008504748,-0.051043945,-0.056617924
11/30/1980,0.102377031,0.074473488,-0.019895614,-0.014705889
12/31/1980,-0.033874232,-0.029546776,0.034357493,-0.048406608
1/31/1981,-0.045742484,-0.017344587,-0.016675737,-0.141161504
2/28/1981,0.013276772,0.028830222,-0.065066213,-0.034550844
3/31/1981,0.036032572,0.030053967,0.0395709,0.050613486
4/30/1981,-0.023455875,-0.006096399,-0.084765966,-0.060340636
5/31/1981,-0.001656509,-0.006013534,0.071599994,-0.007250131
6/30/1981,-0.010408016,-0.014993696,-0.02600443,-0.111111094
7/31/1981,-0.002210231,-0.025120791,-0.068447884,-0.046948374
8/31/1981,-0.062098957,-0.074416702,-0.062077479,0.048029568
9/30/1981,-0.053831741,-0.035724416,-0.031944562,0.00763807
10/31/1981,0.049147913,0.003023605,0.138546539,-0.004081633
11/30/1981,0.036590304,0.042730629,0.169249208,-0.029274012
12/31/1981,-0.030075184,-0.015725886,-0.073927443,-0.041013268
1/31/1982,-0.017543837,-0.004457146,-0.007179366,-0.026415098
2/28/1982,-0.0605482,-0.053621862,0.01923199,-0.063049082
3/31/1982,-0.010167071,-0.001965083,-0.003822559,-0.117484824
4/30/1982,0.04001432,0.031102256,0.042817667,0.128906253
5/31/1982,-0.039161861,-0.033971429,0.026504415,-0.09965398
6/30/1982,-0.020289535,-0.009285705,-0.060406129,-0.023827842
7/31/1982,-0.022990653,-0.004101331,0.089049274,0.080000003
8/31/1982,0.115977209,0.114654954,0.09901641,0.200058325
9/30/1982,0.007614471,-0.005614046,0.124028326,-0.035236925
10/31/1982,0.110363745,0.106521618,0.111816809,0.066120889
11/30/1982,0.036122957,0.047957122,0,0.030124052
12/31/1982,0.015158038,0.00698553,0.050019458,0.047935766
1/31/1983,0.03313426,0.027863307,-0.032770919,0.09323705
2/28/1983,0.018995165,0.034321803,0.062475133,-0.182182186
3/31/1983,0.03309472,0.015647766,-0.025779752,0.015299869
4/30/1983,0.074921554,0.085103917,0.044011012,0.034960832
5/31/1983,-0.012346437,-0.021383121,-0.04370954,0.019219565
6/30/1983,0.035223813,0.018316968,-0.001105936,-0.049142847
7/31/1983,-0.033014078,-0.018609443,-0.075785352,0.014423065
8/31/1983,0.011318908,0.014125835,-0.008080436,-0.018364917
9/30/1983,0.01015811,0.013953779,0.065654697,-0.022329521
10/31/1983,-0.015174298,-0.006430779,-0.023784894,-0.056790135
11/30/1983,0.017425876,0.041478901,0.022444329,0.060209437
12/31/1983,-0.008834154,-0.013620455,-0.011496532,-0.05580247
1/31/1984,-0.009216005,-0.030238959,0.02576503,-0.0226203
2/29/1984,-0.03885935,-0.054031744,-0.031425263,0.054849499
3/31/1984,0.013498062,0.008885958,-0.031352557,-0.014584638
4/30/1984,0.005465469,0.005030519,-0.022973658,-0.032689833
5/31/1984,-0.059356412,-0.056288672,-0.086430117,0.022485352
6/30/1984,0.017469286,0.02493554,0.005831312,-0.029147695
7/31/1984,-0.01645127,-0.015118378,0.112636533,-0.082294587
8/31/1984,0.106332129,0.097823017,0.019908881,0.017233814
9/30/1984,-0.003479715,-0.014431825,0.04341814,-0.012921741
10/31/1984,-6.02E-05,0.0005552,0.081811672,-0.029818182
11/30/1984,-0.015112259,-0.015272756,0.03059583,-0.013493273
12/31/1984,0.022374327,0.01903376,0.009649249,-0.060790265
1/31/1985,0.074085194,0.062068247,0.043634513,-0.007605184
2/28/1985,0.008628833,-0.002144916,-0.061957335,-0.06163376
3/31/1985,-0.002870051,-0.013418859,0.033639129,0.144222387
4/30/1985,-0.004594273,-0.006883619,0.035658379,-0.02399392
5/31/1985,0.054051017,0.045586075,0.128174802,-0.022872261
6/30/1985,0.012134026,0.015242436,0.014645931,0.011942682
7/31/1985,-0.00484757,0.008978109,-0.02492198,0.030684491
8/31/1985,-0.011994522,-0.009974347,0.032814994,0.017557264
9/30/1985,-0.034724044,-0.004032943,0.007062255,-0.020255062
10/31/1985,0.042508763,0.034381221,0.042738022,-0.004287903
11/30/1985,0.065061614,0.071177568,0.046456401,0.000615186
12/31/1985,0.045061108,0.050634142,0.066309423,0.004611124
1/31/1986,0.002366504,0.015724093,0.000559471,0.072521436
2/28/1986,0.071489305,0.087887234,0.102348377,-0.035235379
3/31/1986,0.052793923,0.064099578,0.087761031,0.017300022
4/30/1986,-0.014148173,-0.019042007,0.005746799,0.00508721
5/31/1986,0.050229279,0.051979292,-0.064514484,-0.007375268
6/30/1986,0.014109577,0.008530885,0.080388421,0.006701624
7/31/1986,-0.05868284,-0.062032439,0.010537911,0.034732273
8/31/1986,0.071192605,0.069300563,0.041672119,0.076083902
9/30/1986,-0.085438649,-0.068881201,-0.043888846,0.100077998
10/31/1986,0.054729384,0.062362081,0.016085219,-0.052457481
11/30/1986,0.021477175,0.019394926,0.023976218,-0.043640878
12/31/1986,-0.028288265,-0.009549539,-0.002963618,0.013689675
1/31/1987,0.131766942,0.138236783,0.009996893,0.030225104
2/28/1987,0.036923542,0.030560123,0.007279545,0.0133583
3/31/1987,0.026389844,0.036286129,-0.031536064,0.035653567
4/30/1987,-0.011450108,-0.007953357,-0.058053704,0.078345068
5/31/1987,0.006034113,0.002278731,-0.022537309,-0.004964155
6/30/1987,0.047914522,0.055403083,0.015564687,-0.008203986
7/31/1987,0.048223686,0.063484828,-0.021157936,0.033981656
8/31/1987,0.034958875,0.03533342,-0.024731653,-0.019675679
9/30/1987,-0.024166153,-0.025036123,-0.053548323,0.013453912
10/31/1987,-0.217630428,-0.232159111,0.078369391,0.020239387
11/30/1987,-0.085348906,-0.080249605,-0.003056238,0.050554618
12/31/1987,0.072861513,0.057418665,0.018146735,-0.01705584
1/31/1988,0.040432239,0.010000912,0.068293794,-0.053914482
2/29/1988,0.041817387,0.057909697,0.017045979,-0.069541495
3/31/1988,-0.033343272,-0.040335592,-0.031943288,0.072275032
4/30/1988,-0.025338974,0.02226795,-0.027690098,-0.017397971
5/31/1988,0.038956922,-0.000595361,-0.018593213,0.01447661
6/30/1988,0.043256047,0.054447796,0.034808738,-0.041602628
7/31/1988,-0.005411348,-0.006060569,-0.016082028,0.000572676
8/31/1988,-0.071685913,-0.045604657,-0.005364231,-0.020718857
9/30/1988,0.076786024,0.039997025,0.037945899,-0.070251314
10/31/1988,0.02596448,0.016915079,0.036526881,0.036962513
11/30/1988,-0.018890929,-0.015889041,-0.033299902,0.024733283
12/31/1988,0.014687615,0.025566197,-0.001096588,-0.029223853
1/31/1989,0.071114771,0.080121931,0.023408671,-0.039610007
2/28/1989,-0.028944093,-0.03583201,-0.024379133,-0.0177665
3/31/1989,0.020805925,0.015599599,0.009885976,-0.009819111
4/30/1989,0.050089892,0.05457749,0.029241697,-0.014744245
5/31/1989,0.035137586,0.025363836,0.053765945,-0.041716335
6/30/1989,-0.007924643,-0.016164354,0.060325444,0.030956334
7/31/1989,0.08837034,0.090407606,0.0341324,-0.012600546
8/31/1989,0.015516637,0.028793617,-0.037541569,-0.023079011
9/30/1989,-0.006544301,-0.016238803,0.002890611,0.018621442
10/31/1989,-0.02517542,-0.017728636,0.044853362,0.02401093
11/30/1989,0.016541311,0.023133493,0.014833992,0.087529977
12/31/1989,0.021416802,0.017341218,-0.005024621,-0.016905555
1/31/1990,-0.06881721,-0.059080327,-0.019870013,0.034392536
2/28/1990,0.008538957,0.014170772,-0.00023462,-0.017708712
3/31/1990,0.024255028,0.030434885,-1.02E-05,-0.096149143
4/30/1990,-0.026887114,-0.018635433,-0.01411384,-0.002035262
5/31/1990,0.091989138,0.082769981,0.03147839,-0.012780431
6/30/1990,-0.008886305,0.001400956,0.017210768,-0.029885695
7/31/1990,-0.005223181,0.008508355,0.014630727,0.057069864
8/31/1990,-0.094314205,-0.131089082,-0.020059322,0.041498781
9/30/1990,-0.051184254,-0.028474521,0.00950565,0.053255972
10/31/1990,-0.006698259,-0.004138666,0.018793051,-0.070763959
11/30/1990,0.059934204,0.048036098,0.026810836,0.014097495
12/31/1990,0.024827754,0.028914076,0.017081483,-0.00532674
1/31/1991,0.041517786,0.039006551,0.011787643,-0.043887153
2/28/1991,0.067281142,0.05327824,0.005286494,-0.009016403
3/31/1991,0.022202839,0.010991687,0.002997158,-0.019437538
4/30/1991,0.000346454,-0.008919442,0.010540229,0.005904682
5/31/1991,0.038577333,0.048350512,0.004301127,0.0074074
6/30/1991,-0.047892673,-0.039884388,-0.005139267,0.022058831
7/31/1991,0.04485936,0.040619256,0.013901112,-0.014931457
8/31/1991,0.019648797,0.006208631,0.026651449,-0.042579597
9/30/1991,-0.01914371,-0.008815238,0.027768906,0.021588958
10/31/1991,0.011859948,0.01734639,0.009883652,0.007185119
11/30/1991,-0.043928042,-0.056831019,0.010359675,0.024758707
12/31/1991,0.11158786,0.094708226,0.045524396,-0.035899533
1/31/1992,-0.019899767,0.01721773,-0.026427049,0.00269008
2/29/1992,0.009564801,0.013737091,0.006368412,-0.000988421
3/31/1992,-0.021831837,-0.009854135,-0.008998893,-0.034063618
4/30/1992,0.027892693,0.038217026,0.005139169,-0.015657007
5/31/1992,0.000963971,0.011241044,0.021619244,0.003419054
6/30/1992,-0.017358852,-0.023068227,0.019924354,0.017481502
7/31/1992,0.039373746,0.022678788,0.032455492,0.042079209
8/31/1992,-0.023997566,-0.04020001,0.010875074,-0.044292303
9/30/1992,0.00910564,0.00439312,0.020072428,0.023391803
10/31/1992,0.002106256,-0.013870627,-0.020337974,-0.025714294
11/30/1992,0.030261779,0.024449224,-0.004030525,-0.014662755
12/31/1992,0.010107795,-0.001225368,0.021134333,-0.004464282
1/31/1993,0.007045978,0.00270211,0.026408384,-0.005979079
2/28/1993,0.010483612,0.01836237,0.024891408,-0.009022549
3/31/1993,0.018697287,0.019075537,0.00532552,0.028831581
4/30/1993,-0.025416791,-0.002200794,0.008307611,0.05014749
5/31/1993,0.022717459,0.029140361,-0.001557647,0.052668538
6/30/1993,0.000755252,-0.003217664,0.030106865,0.008939286
7/31/1993,-0.005327058,0.006652294,0.002736722,0.077228238
8/31/1993,0.03443197,0.031581004,0.026305317,-0.08642279
9/30/1993,-0.009987921,-0.026327958,0.008113407,-0.044880391
10/31/1993,0.019392922,0.035292757,0.002311346,0.039673608
11/30/1993,-0.012910675,0.000912899,-0.016825647,0.003247612
12/31/1993,0.010091172,0.019039332,0.006029386,0.053952003
1/31/1994,0.032500816,0.059740183,0.015338311,-0.02252369
2/28/1994,-0.030045059,-0.036784009,-0.030372201,-0.000392754
3/31/1994,-0.045746468,-0.051163592,-0.032097667,0.024230501
4/30/1994,0.011530624,0.012577127,-0.010498305,-0.035677743
5/31/1994,0.012397149,0.020827391,-0.000650678,0.027184723
6/30/1994,-0.026790798,-0.03549676,-0.004879912,-0.002581994
7/31/1994,0.031489853,0.038494206,0.020765613,-0.006989364
8/31/1994,0.03759874,0.039559032,0.002388538,0.00782064
9/30/1994,-0.026919595,-0.017948486,-0.020725483,0.019787886
10/31/1994,0.020877913,0.016897473,-0.004027987,-0.024730493
11/30/1994,-0.039504605,-0.043217725,-0.000800598,-0.008062408
12/31/1994,0.012299143,0.025465213,0.007245472,0.00471944
1/31/1995,0.024277649,0.002456693,0.022073806,-0.021137775
2/28/1995,0.036074159,0.043495342,0.029373089,0.005331888
3/31/1995,0.027329231,0.036558999,0.005853007,0.037920998
4/30/1995,0.027960312,0.039343953,0.016407035,-0.010986201
5/31/1995,0.036311712,0.033293449,0.05342479,-0.007233274
6/30/1995,0.021278582,0.020368902,0.010149113,0.000780629
7/31/1995,0.031776049,0.033445344,-0.008010154,-0.005200213
8/31/1995,-0.000320249,-0.020794435,0.014283462,0.000392062
9/30/1995,0.040097517,0.038719815,0.011700559,0.003265832
10/31/1995,-0.004979372,-0.007015958,0.017221262,-0.002604155
11/30/1995,0.04104901,0.067082594,0.020279835,0.012532643
12/31/1995,0.017443871,0.008400853,0.016133855,-0.001805054
1/31/1996,0.032617345,0.054362606,0.006072038,0.049599582
2/29/1996,0.006933744,0.016740508,-0.028091189,-0.013659874
3/31/1996,0.00791656,0.018506554,-0.01137518,-0.01322519
4/30/1996,0.013431452,-0.003234213,-0.011783168,-0.009609296
5/31/1996,0.022853379,0.013305642,-0.005018361,-0.001659661
6/30/1996,0.002256703,0.002029001,0.014444007,-0.026982086
7/31/1996,-0.045748026,-0.022231387,0.002135748,0.017347868
8/31/1996,0.01881397,0.01578793,-0.004620488,-0.001420998
9/30/1996,0.054172595,0.047355863,0.02080746,-0.020957324
10/31/1996,0.026130866,0.025028222,0.02649949,-0.000924947
11/30/1996,0.073376153,0.081653497,0.024060015,-0.016928976
12/31/1996,-0.021505378,-0.011260862,-0.016881615,-0.010628277
1/31/1997,0.061317066,0.056576506,5.50E-05,-0.063502841
2/28/1997,0.005927549,0.009489095,0.000599494,0.05546682
3/31/1997,-0.042613995,-0.042784472,-0.017578002,-0.033567224
4/30/1997,0.058405528,0.064634618,0.018149865,-0.033451954
5/31/1997,0.058576883,0.045948123,0.009611059,0.015169373
6/30/1997,0.04345263,0.046616856,0.013400335,-0.031045985
7/31/1997,0.078123242,0.07165842,0.035952699,-0.028147917
8/31/1997,-0.057445852,-0.072992637,-0.015491243,-0.00123249
9/30/1997,0.053153527,0.042352691,0.019279052,0.031775426
10/31/1997,-0.03447766,-0.063329659,0.0212135,-0.068769635
11/30/1997,0.044586815,0.05120073,0.002413227,-0.046395892
12/31/1997,0.01573163,0.010880575,0.013687362,-0.026767686
1/31/1998,0.010150141,-0.000220023,0.019497031,0.046358764
2/28/1998,0.070449282,0.080846137,-0.005718702,-0.010910871
3/31/1998,0.049945672,0.029733044,0.002151333,0.006017029
4/30/1998,0.009076468,0.029950683,0.00463649,0.018940021
5/31/1998,-0.01882616,-0.018029734,0.010113165,-0.044676329
6/30/1998,0.039438224,0.005849467,0.011866541,0.013654219
7/31/1998,-0.01161541,-0.007676484,0.001961716,-0.035359493
8/31/1998,-0.145796721,-0.151321187,0.035117979,-0.038052037
9/30/1998,0.062395503,0.040264968,0.047300166,0.077662885
10/31/1998,0.080294247,0.095566272,-0.008001892,-0.014817336
11/30/1998,0.059126049,0.061037391,-0.00625913,0.002221863
12/31/1998,0.05637528,0.007116732,0.006503612,-0.016882692
1/31/1999,0.041009406,0.019320521,0.003419011,-0.007285344
2/28/1999,-0.032282547,-0.00558297,-0.034620947,0.00314523
3/31/1999,0.038794195,0.051532415,0.004905719,-0.024385999
4/30/1999,0.037943993,0.102479442,0.002838993,0.023210133
5/31/1999,-0.024970403,-0.021252166,-0.018573562,-0.056534639
6/30/1999,0.054438327,0.038927107,-0.003596396,-0.029036449
7/31/1999,-0.032046108,-0.028772743,-0.00257484,-0.024952351
8/31/1999,-0.006254135,0.016342343,-0.000600009,-0.001054898
9/30/1999,-0.028551722,-0.045461911,0.010080744,0.168452734
10/31/1999,0.062539434,0.038010203,-0.000962998,0.001506271
11/30/1999,0.0190619,0.013787621,-0.002149224,-0.02840909
12/31/1999,0.057843938,0.056933406,-0.007427562,-0.009287932
1/31/2000,-0.050903554,-0.048410413,-0.010016358,-0.015624987
2/29/2000,-0.020108155,-0.074240416,0.01045166,0.030687819
3/31/2000,0.096719947,0.078356661,0.028167777,-0.044900733
4/30/2000,-0.03079582,-0.017214039,-0.005627737,-0.019815132
5/31/2000,-0.021915015,-0.019711355,0.004006788,-0.005300655
6/30/2000,0.023933545,-0.007074456,0.020928931,0.064057326
7/31/2000,-0.016341293,0.007090467,0.006707459,-0.042413554
8/31/2000,0.060699057,0.065873506,0.016546579,0.002164117
9/30/2000,-0.053482952,-0.050305422,0.004848446,-0.012956665
10/31/2000,-0.00494945,0.030065,0.009917929,-0.033181371
11/30/2000,-0.080068561,-0.050737593,0.025231386,0.019988666
12/31/2000,0.00405339,0.035754013,0.023363019,0.006655592
1/31/2001,0.03463653,0.009317806,0.008071912,-0.023507803
2/28/2001,-0.092290647,-0.036012448,0.013575987,0.004889943
3/31/2001,-0.064204757,-0.058740649,0.005438249,-0.034437582
4/30/2001,0.076814341,0.086669592,-0.015095527,0.023648009
5/31/2001,0.005090277,0.016485364,0.002348999,0.006816909
6/30/2001,-0.025003634,-0.037531302,0.004783458,0.018807595
7/31/2001,-0.010772429,0.001943307,0.027908011,-0.01550674
8/31/2001,-0.064108361,-0.054458827,0.011710915,0.029064298
9/30/2001,-0.08172342,-0.110775639,0.024631749,0.068695329
10/31/2001,0.018098987,0.025722337,0.024726673,-0.046376804
11/30/2001,0.075176012,0.085554607,-0.025086283,-0.01877347
12/31/2001,0.007573803,0.017250023,-0.012646057,0.016581635
1/31/2002,-0.015573768,-0.010128191,0.005092766,0.012905535
2/28/2002,-0.020766262,0.018763075,0.012069052,0.04954876
3/31/2002,0.036738867,0.029468274,-0.0293507,0.0205699
4/30/2002,-0.061417628,-0.043994864,0.027424084,0.019164044
5/31/2002,-0.00908148,-0.002108334,0.010284367,0.058680479
6/30/2002,-0.072464722,-0.068712632,0.017763371,-0.037054047
7/31/2002,-0.078994955,-0.054815068,0.030181184,-0.034663685
8/31/2002,0.004881411,-0.008365966,0.023611842,0.030308021
9/30/2002,-0.110024336,-0.12368789,0.037500593,0.034532365
10/31/2002,0.086448818,0.106046813,-0.012604272,-0.017926125
11/30/2002,0.057069635,0.059432924,-0.018277936,0.001258866
12/31/2002,-0.060332578,-0.062326264,0.032756537,0.093980816
1/31/2003,-0.027414701,-0.034504037,-0.006663344,0.05775031
2/28/2003,-0.017003617,-0.020205347,0.02320316,-0.04943635
3/31/2003,0.008357606,0.012805597,-0.004835004,-0.035719397
4/30/2003,0.081044113,0.061055063,0.002150919,0.003259725
5/31/2003,0.050898667,0.043651655,0.03708524,0.076502744
6/30/2003,0.011322236,0.015274127,-0.008224306,-0.049526683
7/31/2003,0.016223702,0.027640275,-0.055577391,0.022950354
8/31/2003,0.017873214,0.019712359,0.005373193,0.059827854
9/30/2003,-0.011944346,-0.01494931,0.040608614,0.026095064
10/31/2003,0.054961543,0.056717692,-0.019809506,-0.00285456
11/30/2003,0.007128506,-0.001903855,0.001339638,0.036174375
12/31/2003,0.05076539,0.068639151,0.009302211,0.043450948
1/31/2004,0.017276457,0.003266724,0.010385272,-0.031291361
2/29/2004,0.012209002,0.00913899,0.0158524,-0.015654121
3/31/2004,-0.016358913,-0.021373945,0.013149446,0.076486183
4/30/2004,-0.016790849,-0.012756743,-0.042245384,-0.093094145
5/31/2004,0.012083453,-0.003630076,-0.006083975,0.022753705
6/30/2004,0.017989065,0.024246061,0.006460911,-0.003286567
7/31/2004,-0.034290532,-0.028342728,0.012642256,-0.008116663
8/31/2004,0.00228732,0.00337386,0.027797113,0.048075677
9/30/2004,0.009363939,-0.009204852,0.003378299,0.020495306
10/31/2004,0.014014282,-0.005238024,0.009131193,0.02462643
11/30/2004,0.03859488,0.03994526,-0.018401859,0.052269263
12/31/2004,0.032458128,0.034042018,0.00969336,-0.027719244
1/31/2005,-0.025290389,-0.027178861,0.009562646,-0.036150076
2/28/2005,0.018903343,0.026338554,-0.012436756,0.030880266
3/31/2005,-0.019117669,-0.024379037,-0.005447064,-0.016756587
4/30/2005,-0.020108593,-0.029632288,0.023948362,0.014123987
5/31/2005,0.029952049,0.026977683,0.016139115,-0.039479747
6/30/2005,-0.000142651,-0.01839127,0.005923714,0.043738758
7/31/2005,0.035968149,0.035614768,-0.019141763,-0.013088403
8/31/2005,-0.011222019,-0.014971504,0.020285831,0.012563992
9/30/2005,0.006948991,0.008309847,-0.016991651,0.078354773
10/31/2005,-0.01774073,-0.01217084,-0.01159117,-0.008757717
11/30/2005,0.035186101,0.03503807,0.005888421,0.059953998
12/31/2005,-0.00095238,-0.008177977,0.011649181,0.04851138
1/31/2006,0.025466841,0.013749424,-0.005129678,0.10038686
2/28/2006,0.000453072,0.011831732,-0.000730886,-0.012919671
3/31/2006,0.011064581,0.010543626,-0.013445241,0.039355351
4/30/2006,0.012186949,0.023207532,-0.006423289,0.121271308
5/31/2006,-0.030916886,-0.017491612,-0.00015363,-0.014103868
6/30/2006,8.66E-05,-0.001619821,0.002818999,-0.04548977
7/31/2006,0.005085815,0.003180265,0.015284219,0.033936826
8/31/2006,0.021274289,0.017475003,0.018857694,-0.014840992
9/30/2006,0.024566225,0.026176616,0.011184402,-0.046229874
10/31/2006,0.031508042,0.034391422,0.005766497,0.013872644
11/30/2006,0.016466646,0.011688019,0.013208631,0.068249266
12/31/2006,0.012615709,0.019736694,-0.013221246,-0.017438272
1/31/2007,0.014059095,0.012720688,-0.003246281,0.025914868
2/28/2007,-0.021846163,-0.027972513,0.021634863,0.024724428
3/31/2007,0.009979969,0.006986928,-0.001783692,-0.008291621
4/30/2007,0.043290715,0.057353102,0.005983588,0.022069897
5/31/2007,0.032549231,0.043231587,-0.014480443,-0.026457368
6/30/2007,-0.017816322,-0.016071777,-0.004678475,-0.016426936
7/31/2007,-0.031981931,-0.014664422,0.021507706,0.0225506
8/31/2007,0.012863588,0.011031602,0.021675749,0.0135481
9/30/2007,0.035794008,0.040268099,0.003106697,0.104411102
10/31/2007,0.014822314,0.002474134,0.011304061,0.071543837
11/30/2007,-0.044043374,-0.040078233,0.037639718,-0.016629013
12/31/2007,-0.00862854,-0.007994484,0.000976591,0.064003568
1/31/2008,-0.061163447,-0.046322505,0.033196157,0.110831238
2/29/2008,-0.034761197,-0.030352529,0.01359057,0.051614301
3/31/2008,-0.005959535,-0.000285296,0.014028574,-0.058527573
4/30/2008,0.04754665,0.045441174,-0.023788436,-0.042916347
5/31/2008,0.010674195,-0.0141816,-0.018846086,0.010198847
6/30/2008,-0.085962408,-0.1019368,0.01049038,0.043880428
7/31/2008,-0.009859366,0.002467785,0.005742735,-0.012210936
8/31/2008,0.01219048,0.014548223,0.016504055,-0.090744997
9/30/2008,-0.090791428,-0.060024011,0.000672013,0.047885469
10/31/2008,-0.16942454,-0.140604324,-0.012741766,-0.168896031
11/30/2008,-0.074849036,-0.053187078,0.081692685,0.130137455
12/31/2008,0.007821565,-0.005963273,0.051996024,0.07823482
1/31/2009,-0.085657344,-0.088365487,-0.039617522,0.051924497
2/28/2009,-0.109931231,-0.117228648,-0.008920777,0.015595194
3/31/2009,0.085404507,0.077303607,0.03604028,-0.024376008
4/30/2009,0.093925082,0.073492693,-0.027678865,-0.033882628
5/31/2009,0.053081426,0.040671539,-0.020145438,0.102431876
6/30/2009,0.000195834,-0.006273877,-0.003183751,-0.053800113
7/31/2009,0.074141754,0.085783119,0.006329371,0.029681598
8/31/2009,0.033560206,0.035399456,0.010206626,-0.002945498
9/30/2009,0.03572338,0.022745745,0.010889552,0.059409798
10/31/2009,-0.019762043,4.63E-05,-0.000289224,0.037461526
11/30/2009,0.057364078,0.065080545,0.020175335,0.128346619
12/31/2009,0.017770534,0.008043688,-0.041391309,-0.07006435
1/31/2010,-0.036974259,-0.034591343,0.02276651,-0.014384898
2/28/2010,0.028513681,0.025620466,0.003731678,0.033657019
3/31/2010,0.05879642,0.051463093,-0.010973925,-0.003883308
4/30/2010,0.014759276,0.013998814,0.018630546,0.059088197
5/31/2010,-0.081975909,-0.079208835,0.028080608,0.031610801
6/30/2010,-0.053882401,-0.035772291,0.032061651,0.021442036
7/31/2010,0.068777888,0.070791716,0.010332378,-0.049405176
8/31/2010,-0.047449133,-0.043113138,0.03276878,0.056223505
9/30/2010,0.087551043,0.077219325,0.001397658,0.049013989
10/31/2010,0.036855921,0.030630195,-0.000693622,0.038867722
11/30/2010,-0.002290211,-0.010115559,-0.009127094,0.019736699
12/31/2010,0.065300038,0.051925206,-0.032731368,0.025370938
1/31/2011,0.022645558,0.02715779,-0.000410676,-0.062417354
2/28/2011,0.031956621,0.028120731,-0.00208294,0.059016468
3/31/2011,-0.001047294,0.007638419,-0.00135243,0.014787477
4/30/2011,0.028495374,0.039839393,0.015821084,0.091816775
5/31/2011,-0.013500925,-0.018793146,0.02742479,-0.017887102
6/30/2011,-0.018257511,-0.012366917,-0.00469337,-0.023148548
7/31/2011,-0.021474431,-0.021837683,0.031382626,0.084569786
8/31/2011,-0.056791156,-0.043621791,0.047613136,0.121999969
9/30/2011,-0.071761949,-0.060287422,0.021627603,-0.110520109
10/31/2011,0.107722958,0.095445178,-0.013140251,0.05598629
11/30/2011,-0.005058594,0.007584261,0.007014095,0.018458056
12/31/2011,0.008532712,0.014269038,0.018351562,-0.103896694
1/31/2012,0.043583025,0.0339962,0.009672251,0.110453588
2/29/2012,0.040589462,0.025264159,-0.010268173,-0.023593544
3/31/2012,0.031332342,0.02007169,-0.015787579,-0.016861554
4/30/2012,-0.007497502,0.00012035,0.025131277,-0.002038218
5/31/2012,-0.062650606,-0.062070799,0.028876062,-0.062616
6/30/2012,0.039554861,0.039265922,-0.004052525,0.02367174
7/31/2012,0.012597665,0.009983629,0.012817057,0.010723375
8/31/2012,0.01976339,0.006315752,-0.000467281,0.047857654
9/30/2012,0.024236032,0.026452915,-0.002397723,0.047521919
10/31/2012,-0.019789405,-0.0253529,-0.004616671,-0.029115513
11/30/2012,0.002846746,-0.005412179,0.01030236,-0.003295281
12/31/2012,0.007068296,0.006031227,-0.008012944,-0.023108132
1/31/2013,0.050428095,0.057725272,-0.014452376,-0.006953777
2/28/2013,0.011060593,0.013990011,0.011435781,-0.050543996
3/31/2013,0.035987797,0.037287038,0.004366489,0.011325569
4/30/2013,0.018085735,0.017920831,0.014334729,-0.07561188
5/31/2013,0.020762792,0.01858319,-0.030477772,-0.060208172
6/30/2013,-0.014999325,-0.013626376,-0.024953748,-0.110440941
7/31/2013,0.049462086,0.039567787,-0.004346635,0.07333959
8/31/2013,-0.031297961,-0.044467766,-0.013319502,0.05297834
9/30/2013,0.02974945,0.02156339,0.017347922,-0.047474626
10/31/2013,0.044595734,0.027500881,0.008040266,-0.004492053
11/30/2013,0.02804947,0.034778682,-0.009232129,-0.052688449
12/31/2013,0.023562845,0.030476009,-0.02015872,-0.041257458
1/31/2014,-0.035582916,-0.0529546,0.029780396,0.035709582
2/28/2014,0.043117044,0.039675532,0.004626913,0.065758709
3/31/2014,0.006932191,0.008329426,-0.005848629,-0.031951442
4/30/2014,0.006200775,0.007484661,0.008026465,0.005911232
5/31/2014,0.021030301,0.008222127,0.018345524,-0.032455857
6/30/2014,0.019058317,0.006545985,-0.001793696,0.062135885
7/31/2014,-0.01507989,-0.01564789,-0.002662967,-0.033706746
8/31/2014,0.037655334,0.032309434,0.018872826,0.003687792
9/30/2014,-0.015513854,-0.003248869,-0.010475268,-0.061499809
10/31/2014,0.023201436,0.020396788,0.015842333,-0.029143746
11/30/2014,0.024533608,0.025169999,0.014785479,-0.00474028
12/31/2014,-0.004188518,-0.00028996,0.000361378,0.014553999
1/31/2015,-0.03104083,-0.036925189,0.042624945,0.083943383
2/28/2015,0.054892473,0.056379405,-0.02445661,-0.055001219
3/31/2015,-0.017396058,-0.01966502,0.008395862,-0.024406927
4/30/2015,0.008520781,0.003622856,-0.005743632,0.000675911
5/31/2015,0.010491405,0.009537863,-0.004215995,0.005243318
6/30/2015,-0.021011748,-0.021718789,-0.016148046,-0.015311853
7/31/2015,0.019742025,0.003992697,0.015222688,-0.065296235
8/31/2015,-0.062261082,-0.067962243,0.000820718,0.036045668
9/30/2015,-0.030555977,-0.015498244,0.014197067,-0.018011395
10/31/2015,0.085059751,0.085290862,-0.007879855,0.022833614
11/30/2015,0.003655076,0.004192872,-0.00579331,-0.067520586
12/31/2015,-0.023096459,-0.018281329,-0.007612782,-0.004513344
1/31/2016,-0.049782705,-0.055290534,0.03333649,0.054102109
2/29/2016,-0.000830061,0.003589463,0.013380992,0.109311711
3/31/2016,0.061789626,0.070805044,-0.003617618,-0.00842886
4/30/2016,0.003945115,0.00537817,-0.00308614,0.051088065
5/31/2016,0.01700764,0.000337857,-0.002458345,-0.061382936
6/30/2016,-0.001739421,0.007599212,0.029502556,0.089694985
7/31/2016,0.036496002,0.028659218,0.001043511,0.019846604
8/31/2016,0.001197494,-0.00103188,-0.010096537,-0.032563188
9/30/2016,-0.004968258,-0.006306404,0.000984164,0.00689213
10/31/2016,-0.017337032,-0.008808404,-0.016267429,-0.02944922
11/30/2016,0.036838391,0.056466302,-0.043612575,-0.083565688
12/31/2016,0.014293493,0.031922675,-0.004180125,-0.019149888
1/31/2017,0.01789469,0.00430358,0.002194238,0.054192136
2/28/2017,0.039291522,0.048497681,0.005711566,0.031847685
3/31/2017,-0.003087072,-0.007885374,-0.000567913,-0.004277447
4/30/2017,0.00992619,0.013279054,0.0095653,0.01726752
5/31/2017,0.014112903,0.00440023,0.006754221,-0.00124203
6/30/2017,0.001491054,0.015428571,-0.006615729,-0.021555298
7/31/2017,0.020554177,0.025604952,0.002251196,0.023131673
8/31/2017,0.002917697,0.003749428,0.013008891,0.041987578
9/30/2017,0.015111722,0.019588192,-0.015890613,-0.033698935
10/31/2017,0.023564065,0.043829863,-0.003379647,-0.007484784
11/30/2017,0.030565818,0.039421307,-0.004333082,0.003563437
12/31/2017,0.006980869,0.018695437,-0.001229896,0.021056978
1/31/2018,0.05635914,0.056835637,-0.021502321,0.032349373
2/28/2018,-0.036360411,-0.042992656,-0.010939013,-0.02075989
3/31/2018,-0.031290263,-0.035171863,0.009983361,0.00632
4/30/2018,0.005168155,0.00057995,-0.014439384,-0.009539709
5/31/2018,0.0243091,0.010929867,0.007964602,-0.011959226
6/30/2018,0.00125489,-0.005938242,0,-0.036149472
7/31/2018,0.037046594,0.047130557,-0.007121256,-0.022418879
8/31/2018,0.031919809,0.022347248,0.008154844,-0.021381154
9/30/2018,0.002548999,0.021858765,-0.016518858,8.81E-05
